{
  "categoriesdata": [
    {
      "name": "raviabc",
      "description": "raviname",
      "language": "German - Germany",
      "startDate": "2019-02-02",
      "endDate": "2019-03-03",
      "lms": "lms2",
      "isCategorySearchable": " False ",
      "status": "Inactive",
      "content": [
        {
          "name": "cloud"
        }
      ],
      "createBy": "value.createBy",
      "createDate": "value.createDate",
      "modifiedBy": "value.modifiedBy",
      "modifiedDate": "value.modifiedDate",
      "deletedBy": "value.deletedBy",
      "deletedDate": "value.deletedDate",
      "id": 1
    },
    {
      "name": "ravi",
      "description": "raviname",
      "language": "Chinese - China",
      "startDate": "2019-02-02",
      "endDate": "2019-03-03",
      "lms": "lms2",
      "isCategorySearchable": " False ",
      "status": "Active",
      "content": [
        {
          "name": "abc0222"
        },
        {
          "name": "cloud"
        }
      ],
      "createBy": "value.createBy",
      "createDate": "value.createDate",
      "modifiedBy": "value.modifiedBy",
      "modifiedDate": "value.modifiedDate",
      "deletedBy": "value.deletedBy",
      "deletedDate": "value.deletedDate",
      "id": 2
    },
    {
      "name": "asdb",
      "description": "asddse",
      "language": "English - United Kingdom",
      "startDate": "2019-02-02",
      "endDate": "2019-02-02",
      "lms": "lms03",
      "isCategorySearchable": " True ",
      "status": "Inactive",
      "content": [
        {
          "name": "abc"
        },
        {
          "name": "cloud"
        }
      ],
      "createBy": "value.createBy",
      "createDate": "value.createDate",
      "modifiedBy": "value.modifiedBy",
      "modifiedDate": "value.modifiedDate",
      "deletedBy": "value.deletedBy",
      "deletedDate": "value.deletedDate",
      "id": 3
    },
    {
      "name": "abc",
      "description": "abcdes",
      "language": "English - Australia",
      "startDate": "2019-02-02",
      "endDate": "2019-03-03",
      "lms": "lms04",
      "isCategorySearchable": " True ",
      "status": "Active",
      "content": [
        {
          "name": "asd"
        }
      ],
      "createBy": "value.createBy",
      "createDate": "value.createDate",
      "modifiedBy": "value.modifiedBy",
      "modifiedDate": "value.modifiedDate",
      "deletedBy": "value.deletedBy",
      "deletedDate": "value.deletedDate",
      "id": 4
    },
    {
      "name": "pqr",
      "description": "pqrdes",
      "language": "Francais - Canada",
      "startDate": "2019-02-02",
      "endDate": "2019-03-03",
      "lms": "lms05",
      "isCategorySearchable": " False ",
      "status": "Inactive",
      "content": [
        {
          "name": "abc"
        }
      ],
      "createBy": "value.createBy",
      "createDate": "value.createDate",
      "modifiedBy": "value.modifiedBy",
      "modifiedDate": "value.modifiedDate",
      "deletedBy": "value.deletedBy",
      "deletedDate": "value.deletedDate",
      "id": 5
    },
    {
      "name": "raviabc",
      "description": "raviabc",
      "language": "English - Australia",
      "startDate": "2019-02-02",
      "endDate": "2019-03-03",
      "lms": "Lms01",
      "isCategorySearchable": " True ",
      "status": "Active",
      "content": [
        {
          "name": "cloud"
        },
        {
          "name": "asds"
        }
      ],
      "createBy": "value.createBy",
      "createDate": "value.createDate",
      "modifiedBy": "value.modifiedBy",
      "modifiedDate": "value.modifiedDate",
      "deletedBy": "value.deletedBy",
      "deletedDate": "value.deletedDate",
      "id": 6
    },
    {
      "name": "raj",
      "description": "rajdes",
      "language": "English - Australia",
      "startDate": "2019-02-02",
      "endDate": "2019-04-03",
      "lms": "lms07",
      "isCategorySearchable": " True ",
      "status": "Active",
      "content": [
        {
          "name": "abc"
        }
      ],
      "createBy": "value.createBy",
      "createDate": "value.createDate",
      "modifiedBy": "value.modifiedBy",
      "modifiedDate": "value.modifiedDate",
      "deletedBy": "value.deletedBy",
      "deletedDate": "value.deletedDate",
      "id": 7
    },
    {
      "name": "ewe",
      "description": "ewe",
      "language": "English - United Kingdom",
      "startDate": "2019-03-02",
      "endDate": "2019-04-03",
      "lms": "lms08",
      "isCategorySearchable": " True ",
      "status": "Active",
      "content": [
        {
          "name": "cloud"
        },
        {
          "name": "abc"
        }
      ],
      "createBy": "value.createBy",
      "createDate": "value.createDate",
      "modifiedBy": "value.modifiedBy",
      "modifiedDate": "value.modifiedDate",
      "deletedBy": "value.deletedBy",
      "deletedDate": "value.deletedDate",
      "id": 8
    },
    {
      "name": "raviabc",
      "description": "abcewe",
      "language": "German - Germany",
      "startDate": "2019-03-03",
      "endDate": "2019-04-03",
      "lms": "lms08",
      "isCategorySearchable": " True ",
      "status": "Active",
      "content": [
        {
          "name": "asds"
        },
        {
          "name": "cloud"
        },
        {
          "name": "asd"
        }
      ],
      "createBy": "value.createBy",
      "createDate": "value.createDate",
      "modifiedBy": "value.modifiedBy",
      "modifiedDate": "value.modifiedDate",
      "deletedBy": "value.deletedBy",
      "deletedDate": "value.deletedDate",
      "id": 9
    },
    {
      "name": "raviabc",
      "description": "abcewe",
      "language": "Italian - Italy",
      "startDate": "2019-03-03",
      "endDate": "2019-04-03",
      "lms": "lms09",
      "isCategorySearchable": " True ",
      "status": "Active",
      "content": [
        {
          "name": "asd"
        }
      ],
      "createBy": "value.createBy",
      "createDate": "value.createDate",
      "modifiedBy": "value.modifiedBy",
      "modifiedDate": "value.modifiedDate",
      "deletedBy": "value.deletedBy",
      "deletedDate": "value.deletedDate",
      "id": 10
    },
    {
      "name": "abc20",
      "description": "abcewe",
      "language": "Espariol - Mexico",
      "startDate": "2019-02-02",
      "endDate": "2019-04-03",
      "lms": "lms20",
      "isCategorySearchable": " True ",
      "status": "Active",
      "content": [
        {
          "name": "asds"
        }
      ],
      "createBy": "value.createBy",
      "createDate": "value.createDate",
      "modifiedBy": "value.modifiedBy",
      "modifiedDate": "value.modifiedDate",
      "deletedBy": "value.deletedBy",
      "deletedDate": "value.deletedDate",
      "id": 11
    },
    {
      "name": "raviabc",
      "description": "scscasas",
      "language": "Chinese - China",
      "startDate": "2019-03-02",
      "endDate": "2019-04-03",
      "lms": "lms08",
      "isCategorySearchable": " True ",
      "status": "Active",
      "content": [
        {
          "name": "cloud"
        }
      ],
      "createBy": "value.createBy",
      "createDate": "value.createDate",
      "modifiedBy": "value.modifiedBy",
      "modifiedDate": "value.modifiedDate",
      "deletedBy": "value.deletedBy",
      "deletedDate": "value.deletedDate",
      "id": 12
    }
  ],
  "contentdata": [
    {
      "language": "English - United Kingdom",
      "ownerOrganizations": "value.ownerOrganizations",
      "name": "abc",
      "type": "Link",
      "discription": "abcnames",
      "startDate": "2019-02-02",
      "endDate": "2019-03-03",
      "status": "Inactive",
      "pic": "",
      "contactName": "cloud ",
      "contactNumber": "9856471230",
      "createBy": "value.createBy",
      "createDate": "value.createDate",
      "modifiedBy": "value.modifiedBy",
      "modifiedDate": "value.modifiedDate",
      "deletedBy": "value.deletedBy",
      "deletedDate": "value.deletedDate",
      "id": 1
    },
    {
      "language": "Francais - Canada",
      "ownerOrganizations": "value.ownerOrganizations",
      "name": "asds",
      "type": "pages",
      "discription": "asddes",
      "startDate": "2019-02-02",
      "endDate": "2019-04-03",
      "status": "Active",
      "pic": "",
      "contactName": "pqr",
      "contactNumber": "9856471230",
      "createBy": "value.createBy",
      "createDate": "value.createDate",
      "modifiedBy": "value.modifiedBy",
      "modifiedDate": "value.modifiedDate",
      "deletedBy": "value.deletedBy",
      "deletedDate": "value.deletedDate",
      "id": 2
    },
    {
      "language": "Chinese - China",
      "ownerOrganizations": "value.ownerOrganizations",
      "name": "cloud",
      "type": "File",
      "discription": "cloud computing",
      "startDate": "2019-02-02",
      "endDate": "2019-03-03",
      "status": "Active",
      "pic": "C:\\fakepath\\Availability.png",
      "contactName": "cloud Computing",
      "contactNumber": "9856471230",
      "createBy": "value.createBy",
      "createDate": "value.createDate",
      "modifiedBy": "value.modifiedBy",
      "modifiedDate": "value.modifiedDate",
      "deletedBy": "value.deletedBy",
      "deletedDate": "value.deletedDate",
      "id": 3
    },
    {
      "language": "English - Australia",
      "ownerOrganizations": "value.ownerOrganizations",
      "name": "asd",
      "type": "File",
      "discription": "asd files",
      "startDate": "2019-02-02",
      "endDate": "2019-03-03",
      "status": "Active",
      "pic": "C:\\fakepath\\Availability.png",
      "contactName": "ravi",
      "contactNumber": "9856471230",
      "createBy": "value.createBy",
      "createDate": "value.createDate",
      "modifiedBy": "value.modifiedBy",
      "modifiedDate": "value.modifiedDate",
      "deletedBy": "value.deletedBy",
      "deletedDate": "value.deletedDate",
      "id": 4
    }
  ],
  "coursedata": [
    {
      "organizations": "value.organizations",
      "code": "124",
      "name": "asd",
      "tuition": "456",
      "description": "Java",
      "targetedLearners": "java",
      "duration": "50",
      "major": "Programming",
      "deliveryMethod": "Classroom",
      "approvalRequired": "no",
      "canRelaunch": "Yes",
      "contentType": "link",
      "resourceContent": "CSE Content(Inactive)",
      "selfCertifiedCompletion": "Yes",
      "courseCompletionCertificate": "Yes",
      "status": "Inactive",
      "content": null,
      "language": "Chinese - China",
      "notes": null,
      "courseDisplayDate": "2019-02-02",
      "enrollmentOpenDate": "2019-02-03",
      "enrollmentCloseDate": "2019-03-03",
      "courseHideDate": null,
      "certificationCalculationDate": "2019-03-05",
      "daysStdToCompl": "30",
      "daysBeforeStdToCompl": null,
      "expireDays": null,
      "remindStudent": null,
      "enrollmentRestriction": "Unlimited",
      "accumulateCredit": "No",
      "credit": "9654",
      "subscriptionProgram": "",
      "nonSubscriptionCanEnroll": "No",
      "instructionalLanguages": true,
      "version": "6.0",
      "allowUseOfInterestLists": "option",
      "createBy": "value.createBy",
      "createDate": "value.createDate",
      "modifiedBy": "value.modifiedBy",
      "modifiedDate": "value.modifiedDate",
      "deletedBy": "value.deletedBy",
      "deletedDate": "value.deletedDate",
      "id": 0
    },
    {
      "organizations": "value.organizations",
      "code": "125",
      "name": "ravi",
      "tuition": "456",
      "description": "java",
      "targetedLearners": "java",
      "duration": "52",
      "major": "NXT Shared Major",
      "deliveryMethod": "Classroom",
      "approvalRequired": "no",
      "canRelaunch": "Yes",
      "contentType": "link",
      "resourceContent": "CSE Content(Inactive)",
      "selfCertifiedCompletion": "No",
      "courseCompletionCertificate": "Yes",
      "status": "Active",
      "content": null,
      "language": "English",
      "notes": null,
      "courseDisplayDate": "2019-02-03",
      "enrollmentOpenDate": "2019-04-03",
      "enrollmentCloseDate": "2019-05-03",
      "courseHideDate": null,
      "certificationCalculationDate": "2019-05-05",
      "daysStdToCompl": "45",
      "daysBeforeStdToCompl": null,
      "expireDays": null,
      "remindStudent": null,
      "enrollmentRestriction": "Unlimited",
      "accumulateCredit": "No",
      "credit": "9654",
      "subscriptionProgram": "SUB02",
      "nonSubscriptionCanEnroll": "No",
      "instructionalLanguages": true,
      "version": "6.0",
      "allowUseOfInterestLists": "Yes",
      "createBy": "value.createBy",
      "createDate": "value.createDate",
      "modifiedBy": "value.modifiedBy",
      "modifiedDate": "value.modifiedDate",
      "deletedBy": "value.deletedBy",
      "deletedDate": "value.deletedDate",
      "id": 1
    },
    {
      "organizations": "value.organizations",
      "code": "126",
      "name": "abc",
      "tuition": "456",
      "description": "javascript",
      "targetedLearners": "javascript",
      "duration": "50",
      "major": "Programming",
      "deliveryMethod": "eLearning",
      "approvalRequired": "no",
      "canRelaunch": "Yes",
      "contentType": "Resource",
      "resourceContent": "None",
      "selfCertifiedCompletion": "Yes",
      "courseCompletionCertificate": "Yes",
      "status": "Active",
      "content": null,
      "language": "English",
      "notes": "required",
      "courseDisplayDate": "2019-02-02",
      "enrollmentOpenDate": "2019-02-03",
      "enrollmentCloseDate": "2019-03-03",
      "courseHideDate": "2018-05-05",
      "certificationCalculationDate": "2019-02-02",
      "daysStdToCompl": "45",
      "daysBeforeStdToCompl": null,
      "expireDays": null,
      "remindStudent": null,
      "enrollmentRestriction": "Unlimited",
      "accumulateCredit": "No",
      "credit": "9654",
      "subscriptionProgram": "",
      "nonSubscriptionCanEnroll": "Yes",
      "instructionalLanguages": true,
      "version": "6.0",
      "allowUseOfInterestLists": "option",
      "createBy": "value.createBy",
      "createDate": "value.createDate",
      "modifiedBy": "value.modifiedBy",
      "modifiedDate": "value.modifiedDate",
      "deletedBy": "value.deletedBy",
      "deletedDate": "value.deletedDate",
      "id": 2
    }
  ],
  "termdata": [
    {
      "termName": "Term1",
      "termDescription": "Termsdes1",
      "duration": "value.duration",
      "startDate": "2019-03-02",
      "endDate": "2019-04-03",
      "createBy": "value.createBy",
      "createDate": "value.createDate",
      "modifiedBy": "value.modifiedBy",
      "modifiedDate": "value.modifiedDate",
      "deletedBy": "value.deletedBy",
      "deletedDate": "value.deletedDate",
      "id": 0
    },
    {
      "termName": "Term3",
      "termDescription": "Termdes3",
      "duration": "value.duration",
      "startDate": "2019-03-03",
      "endDate": "2019-05-04",
      "createBy": "value.createBy",
      "createDate": "value.createDate",
      "modifiedBy": "value.modifiedBy",
      "modifiedDate": "value.modifiedDate",
      "deletedBy": "value.deletedBy",
      "deletedDate": "value.deletedDate",
      "id": 2
    }
  ],
  "Disciplinedata": [
    {
      "ownerOrganization": "value.ownerOrganization",
      "code": "123",
      "language": "Chinese - China",
      "name": "xyz",
      "description": "abcName",
      "ordinal": "0",
      "status": "Active",
      "createBy": "value.createBy",
      "createDate": "value.createDate",
      "modifiedBy": "value.modifiedBy",
      "modifiedDate": "value.modifiedDate",
      "deletedBy": "value.deletedBy",
      "deletedDate": "value.deletedDate",
      "id": 1
    }
  ],
  "InstitutionalRoles": [
    {
      "language": "English - Australia",
      "lms": null,
      "code": "123",
      "name": "abc",
      "effectiveDate": "2019-02-02",
      "endDate": "2019-03-03",
      "id": 1
    },
    {
      "language": "Italian - Italy",
      "lms": null,
      "code": "124",
      "name": "xyz",
      "effectiveDate": "2019-02-02",
      "endDate": "2019-03-03",
      "id": 2
    }
  ],
  "SystemRoles": [
    {
      "language": "German - Germany",
      "roleId": "101",
      "roleName": "programming",
      "effectiveDate": "2019-02-02",
      "endDate": "2019-03-03",
      "id": 1
    },
    {
      "language": "English - Australia",
      "roleId": "102",
      "roleName": "Visual Studio",
      "effectiveDate": "2019-02-02",
      "endDate": "2019-03-04",
      "id": 2
    }
  ],
  "UsersData": [
    {
      "userName": "ABC",
      "firstName": "abc",
      "lastName": "xyz",
      "email": "abc@gmail.com",
      "language": "English",
      "organization": "value.organization",
      "institutionalRoles": "value.institutionalRoles",
      "systemRoles": "value.systemRoles",
      "password": "123",
      "confirmPassword": "123",
      "generatePassword": true,
      "passwordReset": true,
      "notifyUser": true,
      "startDate": "2019-03-02",
      "endDate": "2019-05-03",
      "voice": "985431247",
      "state": "india",
      "createBy": "value.createBy",
      "createDate": "value.createDate",
      "modifiedBy": "value.modifiedBy",
      "modifiedDate": "value.modifiedDate",
      "deletedBy": "value.deletedBy",
      "deletedDate": "value.deletedDate",
      "id": 1
    },
    {
      "userName": "daa",
      "firstName": "asdsa",
      "lastName": "asdas",
      "email": "sadasca",
      "language": "English - Australia",
      "organization": "value.organization",
      "institutionalRoles": "value.institutionalRoles",
      "systemRoles": "value.systemRoles",
      "password": "123",
      "confirmPassword": "123",
      "generatePassword": true,
      "passwordReset": true,
      "notifyUser": true,
      "startDate": "2019-02-02",
      "endDate": "2019-03-03",
      "voice": "985431247",
      "state": "China",
      "createBy": "value.createBy",
      "createDate": "value.createDate",
      "modifiedBy": "value.modifiedBy",
      "modifiedDate": "value.modifiedDate",
      "deletedBy": "value.deletedBy",
      "deletedDate": "value.deletedDate",
      "id": 2
    },
    {
      "userName": "abc",
      "firstName": "abc",
      "lastName": "xyz",
      "email": "sdfsf",
      "language": "Chinese - China",
      "organization": "value.organization",
      "institutionalRoles": "value.institutionalRoles",
      "systemRoles": "value.systemRoles",
      "password": "123",
      "confirmPassword": "123",
      "generatePassword": true,
      "passwordReset": "",
      "notifyUser": true,
      "startDate": "2019-03-02",
      "endDate": "2019-05-03",
      "voice": "985431247",
      "state": "india",
      "createBy": "value.createBy",
      "createDate": "value.createDate",
      "modifiedBy": "value.modifiedBy",
      "modifiedDate": "value.modifiedDate",
      "deletedBy": "value.deletedBy",
      "deletedDate": "value.deletedDate",
      "id": 3
    }
  ],
  "Enrollusers": [
    {
      "userName": "abc",
      "firstName": "asdsa",
      "lastName": "asdas",
      "country": "China",
      "createBy": "value.createBy",
      "createDate": "value.createDate",
      "modifiedBy": "value.modifiedBy",
      "modifiedDate": "value.modifiedDate",
      "deletedBy": "value.deletedBy",
      "deletedDate": "value.deletedDate",
      "id": 1
    },
    {
      "userName": "cscsdvsd",
      "firstName": "vsdvsd",
      "lastName": "vdsvsdb",
      "country": "India",
      "createBy": "value.createBy",
      "createDate": "value.createDate",
      "modifiedBy": "value.modifiedBy",
      "modifiedDate": "value.modifiedDate",
      "deletedBy": "value.deletedBy",
      "deletedDate": "value.deletedDate",
      "id": 3
    }
  ],
  "EnrollusersAdded": [
    {
      "userName": "xadez",
      "firstName": "fsdfse",
      "lastName": "ddserew",
      "country": "India",
      "createBy": "value.createBy",
      "createDate": "value.createDate",
      "modifiedBy": "value.modifiedBy",
      "modifiedDate": "value.modifiedDate",
      "deletedBy": "value.deletedBy",
      "deletedDate": "value.deletedDate",
      "id": 4
    },
    {
      "userName": "sdfsdscefer",
      "firstName": "sdvsdfsdgrg",
      "lastName": "dfvsrgregre",
      "country": "china",
      "createBy": "value.createBy",
      "createDate": "value.createDate",
      "modifiedBy": "value.modifiedBy",
      "modifiedDate": "value.modifiedDate",
      "deletedBy": "value.deletedBy",
      "deletedDate": "value.deletedDate",
      "id": 5
    },
    {
      "userName": "cscsdvsd",
      "firstName": "vsdvsd",
      "lastName": "vdsvsdb",
      "country": "India",
      "createBy": "value.createBy",
      "createDate": "value.createDate",
      "modifiedBy": "value.modifiedBy",
      "modifiedDate": "value.modifiedDate",
      "deletedBy": "value.deletedBy",
      "deletedDate": "value.deletedDate",
      "id": 3
    }
  ]
}